gamma,welfare
0.01,129.8663591021603
0.05,127.23387183106509
0.1,123.94478674731111
0.2,117.36578374354895
0.3,110.78800090481668
